,Instructor,Course,Quarter,TotalEnrolledinCourse,Total CAPEsGiven,PercentageRecommendedClass,PercentageRecommendedProfessor,StudyHoursperWeek,AverageGradeExpected,AverageGradeReceived,EvalulationURL,GradedCourse,AverageGradeExpected1,AverageGradeReceived1,CourseID,CourseName,CourseSection
0,Rampure Suraj,DSC 10 - Principles of Data Science (A),SP23,117,92,97.8,98.9,8.32,3.55,3.21,https://cape.ucsd.edu/CAPEReport.aspx?sectionid=127644,1,B+,B,DSC 10,Principles of Data Science,A
1,Rampure Suraj,DSC 10 - Principles of Data Science (B),SP23,117,80,82.3,96.2,8.78,3.42,3.14,https://cape.ucsd.edu/CAPEReport.aspx?sectionid=127651,1,B+,B,DSC 10,Principles of Data Science,B
2,Salimi Babak,DSC 100 - Intro to Data Management (A),SP23,99,81,87.7,80.0,5.33,3.86,3.77,https://cape.ucsd.edu/CAPEReport.aspx?sectionid=127734,1,A-,A-,DSC 100,Intro to Data Management,A
3,Albuyeh Rod,DSC 102 - Systems for Scalable Analytics (A),SP23,112,77,93.5,92.2,6.74,3.73,3.53,https://cape.ucsd.edu/CAPEReport.aspx?sectionid=127736,1,A-,B+,DSC 102,Systems for Scalable Analytics,A
4,Gupta Amarnath,DSC 104 - Beyond Relational Data Mgmt (A),SP23,18,6,100.0,80.0,6.1,4.0,,https://cape.ucsd.edu/CAPEReport.aspx?sectionid=127738,1,A,,DSC 104,Beyond Relational Data Mgmt,A
5,Liao Soohyun Nam,DSC 106 - Intro to Data Visualization (A),SP23,100,46,71.7,68.9,8.09,3.75,3.85,https://cape.ucsd.edu/CAPEReport.aspx?sectionid=127740,1,A-,A-,DSC 106,Intro to Data Visualization,A
6,Wilber Jared Dane,DSC 106 - Intro to Data Visualization (B),SP23,74,31,86.2,96.3,8.57,3.67,4.0,https://cape.ucsd.edu/CAPEReport.aspx?sectionid=194591,1,B+,A,DSC 106,Intro to Data Visualization,B
7,Ustun Tevfik Berk,DSC 140A - Probabilistic Modeling and ML (A),SP23,46,19,57.9,52.6,8.85,3.12,3.2,https://cape.ucsd.edu/CAPEReport.aspx?sectionid=127742,1,B,B,DSC 140A,Probabilistic Modeling and ML,A
8,Eldridge Justin Matthew,DSC 140B - Representation Learning (A),SP23,75,25,91.3,95.7,5.8,3.39,3.38,https://cape.ucsd.edu/CAPEReport.aspx?sectionid=127746,1,B+,B+,DSC 140B,Representation Learning,A
9,Hu Zhiting,DSC 140B - Representation Learning (B),SP23,71,17,100.0,50.0,6.37,3.63,3.43,https://cape.ucsd.edu/CAPEReport.aspx?sectionid=127748,1,B+,B+,DSC 140B,Representation Learning,B
10,Silberman Jack,DSC 178 - IntroRobotPerceptionNavigation (A),SP23,18,7,66.7,83.3,8.83,4.0,,https://cape.ucsd.edu/CAPEReport.aspx?sectionid=127750,1,A,,DSC 178,IntroRobotPerceptionNavigation,A
11,Smarr Benjamin,DSC 190 - Topics in Data Science (B),SP23,7,3,100.0,100.0,4.5,3.67,,https://cape.ucsd.edu/CAPEReport.aspx?sectionid=127752,1,B+,,DSC 190,Topics in Data Science,B
12,Langlois Marina,DSC 20 - Prgrmng/DataStruc for Data Sci (A),SP23,135,59,98.1,96.3,8.72,3.47,2.86,https://cape.ucsd.edu/CAPEReport.aspx?sectionid=127662,1,B+,B-,DSC 20,Prgrmng/DataStruc for Data Sci,A
13,Langlois Marina,DSC 30 - DataStrc/Algrthms for Data Sci (A),SP23,97,49,81.3,87.5,13.36,3.0,2.54,https://cape.ucsd.edu/CAPEReport.aspx?sectionid=127667,1,B,C+,DSC 30,DataStrc/Algrthms for Data Sci,A
14,Langlois Marina,DSC 30 - DataStrc/Algrthms for Data Sci (B),SP23,96,35,86.7,93.3,11.37,3.47,3.11,https://cape.ucsd.edu/CAPEReport.aspx?sectionid=127669,1,B+,B,DSC 30,DataStrc/Algrthms for Data Sci,B
15,Liao Soohyun Nam,DSC 30 - DataStrc/Algrthms for Data Sci (C),SP23,30,21,90.5,85.7,10.31,3.33,3.08,https://cape.ucsd.edu/CAPEReport.aspx?sectionid=127673,1,B+,B,DSC 30,DataStrc/Algrthms for Data Sci,C
16,Wang Yusu,DSC 40B - Theor Fndtns of Data Sci II (A),SP23,73,32,100.0,96.7,5.7,3.65,3.32,https://cape.ucsd.edu/CAPEReport.aspx?sectionid=127719,1,B+,B+,DSC 40B,Theor Fndtns of Data Sci II,A
17,Rahman Tauhidur,DSC 80 - Practice of Data Science (A),SP23,130,106,90.6,70.5,11.69,3.39,3.36,https://cape.ucsd.edu/CAPEReport.aspx?sectionid=127730,1,B+,B+,DSC 80,Practice of Data Science,A
18,Rampure Suraj,DSC 95 - Tutor Appshp in Data Science (A),SP23,18,15,100.0,93.3,2.79,4.0,,https://cape.ucsd.edu/CAPEReport.aspx?sectionid=127732,1,A,,DSC 95,Tutor Appshp in Data Science,A
19,Tiefenbruck Janine LoBue,DSC 10 - Principles of Data Science (A),WI23,103,71,84.5,90.1,9.46,3.3,2.98,https://cape.ucsd.edu/CAPEReport.aspx?sectionid=102527,1,B+,B-,DSC 10,Principles of Data Science,A
20,Tiefenbruck Janine LoBue,DSC 10 - Principles of Data Science (B),WI23,106,74,89.0,91.8,8.82,3.36,3.14,https://cape.ucsd.edu/CAPEReport.aspx?sectionid=102530,1,B+,B,DSC 10,Principles of Data Science,B
21,Tiefenbruck Janine LoBue,DSC 10 - Principles of Data Science (D),WI23,92,53,88.5,90.4,7.96,3.42,2.76,https://cape.ucsd.edu/CAPEReport.aspx?sectionid=149454,1,B+,B-,DSC 10,Principles of Data Science,D
22,Salimi Babak,DSC 100 - Intro to Data Management (A),WI23,119,98,95.9,81.4,5.66,3.86,3.85,https://cape.ucsd.edu/CAPEReport.aspx?sectionid=102550,1,A-,A-,DSC 100,Intro to Data Management,A
23,Kolovos Alexandros,DSC 102 - Systems for Scalable Analytics (A),WI23,160,48,80.4,91.3,7.79,3.56,3.88,https://cape.ucsd.edu/CAPEReport.aspx?sectionid=102552,1,B+,A-,DSC 102,Systems for Scalable Analytics,A
24,Liao Soohyun Nam,DSC 106 - Intro to Data Visualization (A),WI23,145,92,57.1,40.7,9.44,3.69,3.7,https://cape.ucsd.edu/CAPEReport.aspx?sectionid=102554,1,B+,B+,DSC 106,Intro to Data Visualization,A
25,Eldridge Justin Matthew,DSC 140A - Probabilistic Modeling and ML (A),WI23,115,37,97.2,97.2,7.01,3.49,3.42,https://cape.ucsd.edu/CAPEReport.aspx?sectionid=102556,1,B+,B+,DSC 140A,Probabilistic Modeling and ML,A
26,Aoi Mikio C,DSC 140A - Probabilistic Modeling and ML (B),WI23,118,38,88.9,91.7,7.41,3.41,3.36,https://cape.ucsd.edu/CAPEReport.aspx?sectionid=102558,1,B+,B+,DSC 140A,Probabilistic Modeling and ML,B
27,Shang Jingbo,DSC 148 - Introduction to Data Mining (A),WI23,63,40,94.9,89.5,6.86,3.9,3.82,https://cape.ucsd.edu/CAPEReport.aspx?sectionid=102560,1,A-,A-,DSC 148,Introduction to Data Mining,A
28,Zaslavsky Ilya,DSC 170 - Spatial Data Science and Appl (A),WI23,34,6,83.3,83.3,12.17,3.5,3.97,https://cape.ucsd.edu/CAPEReport.aspx?sectionid=102562,1,B+,A-,DSC 170,Spatial Data Science and Appl,A
29,Rampure Suraj,DSC 180B - Data Science Project II (A),WI23,110,26,95.8,100.0,8.24,4.0,3.95,https://cape.ucsd.edu/CAPEReport.aspx?sectionid=102564,1,A,A-,DSC 180B,Data Science Project II,A
30,Rampure Suraj,DSC 180B - Data Science Project II (B),WI23,91,19,94.7,100.0,9.24,3.89,3.89,https://cape.ucsd.edu/CAPEReport.aspx?sectionid=102616,1,A-,A-,DSC 180B,Data Science Project II,B
31,Smarr Benjamin,DSC 190 - Topics in Data Science (B),WI23,13,13,100.0,100.0,2.96,3.92,,https://cape.ucsd.edu/CAPEReport.aspx?sectionid=121432,1,A-,,DSC 190,Topics in Data Science,B
32,Langlois Marina,DSC 20 - Prgrmng/DataStruc for Data Sci (A),WI23,142,78,93.2,93.2,11.13,3.49,3.17,https://cape.ucsd.edu/CAPEReport.aspx?sectionid=102533,1,B+,B,DSC 20,Prgrmng/DataStruc for Data Sci,A
33,Langlois Marina,DSC 20 - Prgrmng/DataStruc for Data Sci (B),WI23,134,69,75.4,83.1,10.41,3.37,2.91,https://cape.ucsd.edu/CAPEReport.aspx?sectionid=102535,1,B+,B-,DSC 20,Prgrmng/DataStruc for Data Sci,B
34,Liao Soohyun Nam,DSC 30 - DataStrc/Algrthms for Data Sci (A),WI23,106,95,75.8,63.2,12.27,3.15,3.26,https://cape.ucsd.edu/CAPEReport.aspx?sectionid=102537,1,B,B,DSC 30,DataStrc/Algrthms for Data Sci,A
35,Mishne Gal,DSC 40A - Theor Fndtns of Data Sci I (A),WI23,92,86,79.8,84.5,8.03,3.15,3.05,https://cape.ucsd.edu/CAPEReport.aspx?sectionid=102539,1,B,B,DSC 40A,Theor Fndtns of Data Sci I,A
36,Roy Abhishek,DSC 40A - Theor Fndtns of Data Sci I (B),WI23,36,31,76.7,73.3,9.5,3.4,3.16,https://cape.ucsd.edu/CAPEReport.aspx?sectionid=102541,1,B+,B,DSC 40A,Theor Fndtns of Data Sci I,B
37,Eldridge Justin Matthew,DSC 40B - Theor Fndtns of Data Sci II (A),WI23,120,63,96.7,100.0,6.32,3.57,3.34,https://cape.ucsd.edu/CAPEReport.aspx?sectionid=102543,1,B+,B+,DSC 40B,Theor Fndtns of Data Sci II,A
38,Wang Yusu,DSC 40B - Theor Fndtns of Data Sci II (B),WI23,42,25,92.0,84.0,5.3,3.83,3.32,https://cape.ucsd.edu/CAPEReport.aspx?sectionid=111331,1,A-,B+,DSC 40B,Theor Fndtns of Data Sci II,B
39,Rampure Suraj,DSC 80 - Practice of Data Science (A),WI23,124,100,98.0,98.0,12.9,3.49,3.57,https://cape.ucsd.edu/CAPEReport.aspx?sectionid=102545,1,B+,B+,DSC 80,Practice of Data Science,A
40,Langlois Marina,DSC 95 - Tutor Appshp in Data Science (A),WI23,18,9,100.0,100.0,2.06,4.0,,https://cape.ucsd.edu/CAPEReport.aspx?sectionid=102547,1,A,,DSC 95,Tutor Appshp in Data Science,A
41,Quer Giorgio,DSC 96 - Workshop in Data Science (A),WI23,13,8,100.0,100.0,3.5,4.0,,https://cape.ucsd.edu/CAPEReport.aspx?sectionid=102548,1,A,,DSC 96,Workshop in Data Science,A
42,Tiefenbruck Janine LoBue,DSC 10 - Principles of Data Science (A),FA22,116,99,95.9,94.9,8.03,3.56,3.52,https://cape.ucsd.edu/CAPEReport.aspx?sectionid=088092,1,B+,B+,DSC 10,Principles of Data Science,A
43,Tiefenbruck Janine LoBue,DSC 10 - Principles of Data Science (B),FA22,116,97,96.9,95.9,7.57,3.53,3.38,https://cape.ucsd.edu/CAPEReport.aspx?sectionid=088095,1,B+,B+,DSC 10,Principles of Data Science,B
44,Rampure Suraj,DSC 10 - Principles of Data Science (C),FA22,108,93,95.7,93.4,9.27,3.53,3.31,https://cape.ucsd.edu/CAPEReport.aspx?sectionid=088098,1,B+,B+,DSC 10,Principles of Data Science,C
45,Tabaghi Puoya,DSC 10 - Principles of Data Science (D),FA22,53,44,93.0,72.1,8.17,3.83,3.52,https://cape.ucsd.edu/CAPEReport.aspx?sectionid=107366,1,A-,B+,DSC 10,Principles of Data Science,D
46,Salimi Babak,DSC 100 - Intro to Data Management (A),FA22,174,127,86.4,62.1,6.45,3.71,3.69,https://cape.ucsd.edu/CAPEReport.aspx?sectionid=088120,1,A-,B+,DSC 100,Intro to Data Management,A
47,Kumar Arun Kumar,DSC 102 - Systems for Scalable Analytics (A),FA22,86,24,95.7,87.0,9.95,3.43,3.39,https://cape.ucsd.edu/CAPEReport.aspx?sectionid=094320,1,B+,B+,DSC 102,Systems for Scalable Analytics,A
48,Rampure Suraj,DSC 180A - Data Science Project I (A),FA22,112,23,81.8,100.0,8.02,3.95,3.88,https://cape.ucsd.edu/CAPEReport.aspx?sectionid=088124,1,A-,A-,DSC 180A,Data Science Project I,A
49,Rampure Suraj,DSC 180A - Data Science Project I (B),FA22,92,19,89.5,94.4,6.94,3.61,3.9,https://cape.ucsd.edu/CAPEReport.aspx?sectionid=088141,1,B+,A-,DSC 180A,Data Science Project I,B
50,Mishne Gal,DSC 190 - Topics in Data Science (A),FA22,17,5,75.0,75.0,9.5,4.0,,https://cape.ucsd.edu/CAPEReport.aspx?sectionid=088158,1,A,,DSC 190,Topics in Data Science,A
51,Silberman Jack,DSC 190 - Topics in Data Science (B),FA22,17,4,25.0,50.0,8.5,3.75,,https://cape.ucsd.edu/CAPEReport.aspx?sectionid=088160,1,A-,,DSC 190,Topics in Data Science,B
52,Kolovos Alexandros,DSC 190 - Topics in Data Science (C),FA22,43,10,100.0,87.5,4.28,3.89,3.93,https://cape.ucsd.edu/CAPEReport.aspx?sectionid=096408,1,A-,A-,DSC 190,Topics in Data Science,C
53,Langlois Marina,DSC 20 - Prgrmng/DataStruc for Data Sci (A),FA22,140,64,84.1,81.0,11.92,3.41,3.1,https://cape.ucsd.edu/CAPEReport.aspx?sectionid=088101,1,B+,B,DSC 20,Prgrmng/DataStruc for Data Sci,A
54,Langlois Marina,DSC 30 - DataStrc/Algrthms for Data Sci (A),FA22,90,38,85.3,82.4,11.87,3.26,2.84,https://cape.ucsd.edu/CAPEReport.aspx?sectionid=088105,1,B,B-,DSC 30,DataStrc/Algrthms for Data Sci,A
55,Hy Truong Son,DSC 40A - Theor Fndtns of Data Sci I (A),FA22,108,100,84.0,60.6,7.8,3.34,3.2,https://cape.ucsd.edu/CAPEReport.aspx?sectionid=088107,1,B+,B,DSC 40A,Theor Fndtns of Data Sci I,A
56,Soleymani Mahdi,DSC 40A - Theor Fndtns of Data Sci I (B),FA22,96,83,86.7,73.5,7.33,3.49,3.36,https://cape.ucsd.edu/CAPEReport.aspx?sectionid=088109,1,B+,B+,DSC 40A,Theor Fndtns of Data Sci I,B
57,Eldridge Justin Matthew,DSC 40B - Theor Fndtns of Data Sci II (A),FA22,74,21,100.0,100.0,7.03,3.5,3.34,https://cape.ucsd.edu/CAPEReport.aspx?sectionid=088111,1,B+,B+,DSC 40B,Theor Fndtns of Data Sci II,A
58,Eldridge Justin Matthew,DSC 80 - Practice of Data Science (A),FA22,122,43,100.0,100.0,11.38,3.49,3.66,https://cape.ucsd.edu/CAPEReport.aspx?sectionid=088115,1,B+,B+,DSC 80,Practice of Data Science,A
59,Langlois Marina,DSC 95 - Tutor Appshp in Data Science (A),FA22,23,17,100.0,100.0,1.25,4.0,,https://cape.ucsd.edu/CAPEReport.aspx?sectionid=088117,1,A,,DSC 95,Tutor Appshp in Data Science,A
60,Liao Soohyun Nam,DSC 96 - Workshop in Data Science (A),FA22,39,23,59.1,85.7,3.11,3.71,,https://cape.ucsd.edu/CAPEReport.aspx?sectionid=088118,1,A-,,DSC 96,Workshop in Data Science,A
61,Lau Samuel Ethan,DSC 10 - Principles of Data Science (A),S322,36,16,100.0,100.0,8.1,3.67,3.65,https://cape.ucsd.edu/CAPEReport.aspx?sectionid=084411,1,B+,B+,DSC 10,Principles of Data Science,A
62,Tiefenbruck Janine LoBue,DSC 10 - Principles of Data Science (A),SP22,132,95,89.5,94.7,8.52,3.55,3.36,https://cape.ucsd.edu/CAPEReport.aspx?sectionid=073347,1,B+,B+,DSC 10,Principles of Data Science,A
63,Tiefenbruck Janine LoBue,DSC 10 - Principles of Data Science (B),SP22,133,92,93.5,95.6,8.04,3.56,3.15,https://cape.ucsd.edu/CAPEReport.aspx?sectionid=073350,1,B+,B,DSC 10,Principles of Data Science,B
64,Liao Soohyun Nam,DSC 106 - Intro to Data Visualization (A),SP22,91,70,70.1,70.1,8.17,3.58,3.62,https://cape.ucsd.edu/CAPEReport.aspx?sectionid=073375,1,B+,B+,DSC 106,Intro to Data Visualization,A
65,Mishne Gal,DSC 120 - Signal Processing/Data Analys (A),SP22,24,11,81.8,88.9,10.32,2.7,3.2,https://cape.ucsd.edu/CAPEReport.aspx?sectionid=081954,1,B-,B,DSC 120,Signal Processing/Data Analys,A
66,Ustun Tevfik Berk,DSC 140A - Probabilistic Modeling and ML (A),SP22,56,45,40.9,56.8,10.6,3.17,3.18,https://cape.ucsd.edu/CAPEReport.aspx?sectionid=073377,1,B,B,DSC 140A,Probabilistic Modeling and ML,A
67,Roberts Margaret Earling,DSC 161 - Text as Data (A),SP22,27,4,100.0,100.0,8.5,3.25,3.58,https://cape.ucsd.edu/CAPEReport.aspx?sectionid=073398,1,B,B+,DSC 161,Text as Data,A
68,Fraenkel Aaron Mcmillan,DSC 167 - Fairness&AlgorithmicDecisions (A),SP22,46,20,85.0,95.0,5.3,3.71,3.46,https://cape.ucsd.edu/CAPEReport.aspx?sectionid=073380,1,A-,B+,DSC 167,Fairness&AlgorithmicDecisions,A
69,Eldridge Justin Matthew,DSC 190 - Topics in Data Science (A),SP22,150,55,94.2,94.1,5.87,3.69,3.26,https://cape.ucsd.edu/CAPEReport.aspx?sectionid=073382,1,B+,B,DSC 190,Topics in Data Science,A
70,Smarr Benjamin,DSC 190 - Topics in Data Science (B),SP22,10,7,100.0,100.0,4.17,3.4,,https://cape.ucsd.edu/CAPEReport.aspx?sectionid=073384,1,B+,,DSC 190,Topics in Data Science,B
71,Saha Barna,DSC 190 - Topics in Data Science (C),SP22,20,3,66.7,66.7,9.17,4.0,3.65,https://cape.ucsd.edu/CAPEReport.aspx?sectionid=073386,1,A,B+,DSC 190,Topics in Data Science,C
72,Silberman Jack,DSC 190 - Topics in Data Science (D),SP22,20,5,60.0,60.0,14.1,4.0,3.94,https://cape.ucsd.edu/CAPEReport.aspx?sectionid=081931,1,A,A-,DSC 190,Topics in Data Science,D
73,Langlois Marina,DSC 20 - Prgrmng/DataStruc for Data Sci (A),SP22,130,48,86.7,84.1,11.61,3.64,3.12,https://cape.ucsd.edu/CAPEReport.aspx?sectionid=073356,1,B+,B,DSC 20,Prgrmng/DataStruc for Data Sci,A
74,Langlois Marina,DSC 30 - DataStrc/Algrthms for Data Sci (A),SP22,133,60,91.1,85.2,10.88,3.11,2.97,https://cape.ucsd.edu/CAPEReport.aspx?sectionid=073358,1,B,B-,DSC 30,DataStrc/Algrthms for Data Sci,A
75,Liao Soohyun Nam,DSC 30 - DataStrc/Algrthms for Data Sci (B),SP22,48,18,88.2,70.6,9.79,2.94,2.47,https://cape.ucsd.edu/CAPEReport.aspx?sectionid=079496,1,B-,C+,DSC 30,DataStrc/Algrthms for Data Sci,B
76,Ma Yian,DSC 40A - Theor Fndtns of Data Sci I (A),SP22,100,39,73.7,63.2,9.47,3.06,3.13,https://cape.ucsd.edu/CAPEReport.aspx?sectionid=073362,1,B,B,DSC 40A,Theor Fndtns of Data Sci I,A
77,Mazumdar Arya,DSC 40B - Theor Fndtns of Data Sci II (A),SP22,85,41,74.4,59.0,5.55,3.18,3.27,https://cape.ucsd.edu/CAPEReport.aspx?sectionid=073364,1,B,B,DSC 40B,Theor Fndtns of Data Sci II,A
78,Rampure Suraj,DSC 80 - Practice of Data Science (A),SP22,109,94,98.9,100.0,11.67,3.58,3.27,https://cape.ucsd.edu/CAPEReport.aspx?sectionid=073366,1,B+,B,DSC 80,Practice of Data Science,A
79,Rampure Suraj,DSC 80 - Practice of Data Science (B),SP22,93,76,97.4,98.7,12.39,3.58,3.49,https://cape.ucsd.edu/CAPEReport.aspx?sectionid=073368,1,B+,B+,DSC 80,Practice of Data Science,B
80,Rampure Suraj,DSC 90 - Seminar in Data Science (A),SP22,19,8,100.0,100.0,3.25,,,https://cape.ucsd.edu/CAPEReport.aspx?sectionid=073369,0,,,DSC 90,Seminar in Data Science,A
81,Langlois Marina,DSC 95 - Tutor Appshp in Data Science (A),SP22,19,14,100.0,100.0,1.93,4.0,,https://cape.ucsd.edu/CAPEReport.aspx?sectionid=073371,1,A,,DSC 95,Tutor Appshp in Data Science,A
82,Rampure Suraj,DSC 10 - Principles of Data Science (A),WI22,141,113,97.3,100.0,8.21,3.72,2.96,https://cape.ucsd.edu/CAPEReport.aspx?sectionid=063406,1,A-,B-,DSC 10,Principles of Data Science,A
83,Rampure Suraj,DSC 10 - Principles of Data Science (B),WI22,142,117,97.4,99.1,7.57,3.73,3.05,https://cape.ucsd.edu/CAPEReport.aspx?sectionid=063409,1,A-,B,DSC 10,Principles of Data Science,B
84,Gupta Amarnath,DSC 100 - Intro to Data Management (A),WI22,100,31,86.2,65.5,7.88,3.69,3.67,https://cape.ucsd.edu/CAPEReport.aspx?sectionid=063431,1,B+,B+,DSC 100,Intro to Data Management,A
85,Kumar Arun Kumar,DSC 102 - Systems for Scalable Analytics (A),WI22,136,42,87.8,85.4,9.48,3.46,3.54,https://cape.ucsd.edu/CAPEReport.aspx?sectionid=063433,1,B+,B+,DSC 102,Systems for Scalable Analytics,A
86,Liao Soohyun Nam,DSC 106 - Intro to Data Visualization (A),WI22,147,54,57.4,41.5,9.78,3.86,3.84,https://cape.ucsd.edu/CAPEReport.aspx?sectionid=063435,1,A-,A-,DSC 106,Intro to Data Visualization,A
87,Belkin Mikhail,DSC 140A - Probabilistic Modeling and ML (A),WI22,126,34,35.3,24.2,7.97,3.03,3.07,https://cape.ucsd.edu/CAPEReport.aspx?sectionid=063437,1,B,B,DSC 140A,Probabilistic Modeling and ML,A
88,Bradic Jelena,DSC 140A - Probabilistic Modeling and ML (B),WI22,53,18,100.0,100.0,6.25,4.0,3.61,https://cape.ucsd.edu/CAPEReport.aspx?sectionid=079775,1,A,B+,DSC 140A,Probabilistic Modeling and ML,B
89,Dumitriu Ioana,DSC 155 - Hidden Data in Random Matrices (A),WI22,18,8,57.1,100.0,10.75,2.43,,https://cape.ucsd.edu/CAPEReport.aspx?sectionid=063439,1,C+,,DSC 155,Hidden Data in Random Matrices,A
90,Zaslavsky Ilya,DSC 170 - Spatial Data Science and Appl (A),WI22,25,6,83.3,100.0,9.83,3.83,3.92,https://cape.ucsd.edu/CAPEReport.aspx?sectionid=063442,1,A-,A-,DSC 170,Spatial Data Science and Appl,A
91,Fraenkel Aaron Mcmillan,DSC 180B - Data Science Project II (A),WI22,83,11,100.0,100.0,7.83,3.78,3.97,https://cape.ucsd.edu/CAPEReport.aspx?sectionid=063444,1,A-,A-,DSC 180B,Data Science Project II,A
92,Fraenkel Aaron Mcmillan,DSC 180B - Data Science Project II (B),WI22,72,15,100.0,100.0,9.23,4.0,3.96,https://cape.ucsd.edu/CAPEReport.aspx?sectionid=063462,1,A,A-,DSC 180B,Data Science Project II,B
93,Shang Jingbo,DSC 190 - Topics in Data Science (A),WI22,30,17,100.0,100.0,8.74,3.75,3.82,https://cape.ucsd.edu/CAPEReport.aspx?sectionid=063478,1,A-,A-,DSC 190,Topics in Data Science,A
94,Eldridge Justin Matthew,DSC 190 - Topics in Data Science (B),WI22,29,11,100.0,100.0,5.5,4.0,3.78,https://cape.ucsd.edu/CAPEReport.aspx?sectionid=063480,1,A,A-,DSC 190,Topics in Data Science,B
95,Smarr Benjamin,DSC 190 - Topics in Data Science (C),WI22,19,16,87.5,93.8,3.25,3.67,,https://cape.ucsd.edu/CAPEReport.aspx?sectionid=063482,1,B+,,DSC 190,Topics in Data Science,C
96,Langlois Marina,DSC 20 - Prgrmng/DataStruc for Data Sci (A),WI22,219,121,94.7,92.0,10.39,3.52,3.19,https://cape.ucsd.edu/CAPEReport.aspx?sectionid=063412,1,B+,B,DSC 20,Prgrmng/DataStruc for Data Sci,A
97,Liao Soohyun Nam,DSC 30 - DataStrc/Algrthms for Data Sci (B),WI22,77,25,47.8,34.8,11.63,3.14,3.14,https://cape.ucsd.edu/CAPEReport.aspx?sectionid=063418,1,B,B,DSC 30,DataStrc/Algrthms for Data Sci,B
98,Tiefenbruck Janine LoBue,DSC 40A - Theor Fndtns of Data Sci I (A),WI22,66,21,85.7,85.7,7.9,3.11,2.94,https://cape.ucsd.edu/CAPEReport.aspx?sectionid=063420,1,B,B-,DSC 40A,Theor Fndtns of Data Sci I,A
99,Tiefenbruck Janine LoBue,DSC 40A - Theor Fndtns of Data Sci I (B),WI22,65,20,73.7,78.9,9.34,3.06,2.73,https://cape.ucsd.edu/CAPEReport.aspx?sectionid=063422,1,B,B-,DSC 40A,Theor Fndtns of Data Sci I,B
100,Eldridge Justin Matthew,DSC 40B - Theor Fndtns of Data Sci II (A),WI22,122,82,97.5,100.0,5.66,3.61,3.46,https://cape.ucsd.edu/CAPEReport.aspx?sectionid=063424,1,B+,B+,DSC 40B,Theor Fndtns of Data Sci II,A
101,Rampure Suraj,DSC 90 - Seminar in Data Science (A),WI22,25,14,100.0,100.0,2.93,4.0,,https://cape.ucsd.edu/CAPEReport.aspx?sectionid=071244,1,A,,DSC 90,Seminar in Data Science,A
102,Langlois Marina,DSC 95 - Tutor Appshp in Data Science (A),WI22,15,9,88.9,100.0,1.17,,,https://cape.ucsd.edu/CAPEReport.aspx?sectionid=063428,0,,,DSC 95,Tutor Appshp in Data Science,A
103,Quer Giorgio,DSC 96 - Workshop in Data Science (A),WI22,18,11,90.9,100.0,4.14,4.0,,https://cape.ucsd.edu/CAPEReport.aspx?sectionid=063429,1,A,,DSC 96,Workshop in Data Science,A
104,Tiefenbruck Janine LoBue,DSC 10 - Principles of Data Science (A),FA21,72,58,98.3,98.2,8.22,3.59,3.33,https://cape.ucsd.edu/CAPEReport.aspx?sectionid=053267,1,B+,B+,DSC 10,Principles of Data Science,A
105,Tiefenbruck Janine LoBue,DSC 10 - Principles of Data Science (B),FA21,71,59,100.0,100.0,6.71,3.48,3.29,https://cape.ucsd.edu/CAPEReport.aspx?sectionid=053270,1,B+,B,DSC 10,Principles of Data Science,B
106,Rampure Suraj,DSC 10 - Principles of Data Science (C),FA21,112,90,98.9,100.0,7.52,3.54,3.27,https://cape.ucsd.edu/CAPEReport.aspx?sectionid=053273,1,B+,B,DSC 10,Principles of Data Science,C
107,Salimi Babak,DSC 100 - Intro to Data Management (A),FA21,161,42,87.5,65.0,7.25,3.8,3.8,https://cape.ucsd.edu/CAPEReport.aspx?sectionid=053297,1,A-,A-,DSC 100,Intro to Data Management,A
108,Fraenkel Aaron Mcmillan,DSC 180A - Data Science Project I (A),FA21,83,13,76.9,100.0,6.81,3.77,3.98,https://cape.ucsd.edu/CAPEReport.aspx?sectionid=053301,1,A-,A-,DSC 180A,Data Science Project I,A
109,Fraenkel Aaron Mcmillan,DSC 180A - Data Science Project I (B),FA21,73,20,94.4,100.0,7.61,3.72,3.92,https://cape.ucsd.edu/CAPEReport.aspx?sectionid=053311,1,A-,A-,DSC 180A,Data Science Project I,B
110,Silberman Jack,DSC 190 - Topics in Data Science (A),FA21,21,11,90.9,80.0,11.59,3.82,4.0,https://cape.ucsd.edu/CAPEReport.aspx?sectionid=053320,1,A-,A,DSC 190,Topics in Data Science,A
111,Hu Zhiting,DSC 190 - Topics in Data Science (B),FA21,9,5,100.0,100.0,8.9,3.8,,https://cape.ucsd.edu/CAPEReport.aspx?sectionid=053322,1,A-,,DSC 190,Topics in Data Science,B
112,Langlois Marina,DSC 20 - Prgrmng/DataStruc for Data Sci (A),FA21,102,39,83.3,86.1,10.99,3.42,3.06,https://cape.ucsd.edu/CAPEReport.aspx?sectionid=053279,1,B+,B,DSC 20,Prgrmng/DataStruc for Data Sci,A
113,Langlois Marina,DSC 30 - DataStrc/Algrthms for Data Sci (C),FA21,28,18,93.8,87.5,12.1,3.2,2.77,https://cape.ucsd.edu/CAPEReport.aspx?sectionid=068370,1,B,B-,DSC 30,DataStrc/Algrthms for Data Sci,C
114,Liao Soohyun Nam,DSC 30 - DataStrc/Algrthms for Data Sci (D),FA21,44,19,70.6,76.5,12.83,3.06,2.75,https://cape.ucsd.edu/CAPEReport.aspx?sectionid=068372,1,B,B-,DSC 30,DataStrc/Algrthms for Data Sci,D
115,Rampure Suraj,DSC 40A - Theor Fndtns of Data Sci I (A),FA21,136,124,96.0,100.0,7.33,3.56,3.37,https://cape.ucsd.edu/CAPEReport.aspx?sectionid=053287,1,B+,B+,DSC 40A,Theor Fndtns of Data Sci I,A
116,Eldridge Justin Matthew,DSC 40B - Theor Fndtns of Data Sci II (A),FA21,70,52,96.2,100.0,6.35,3.68,3.42,https://cape.ucsd.edu/CAPEReport.aspx?sectionid=053289,1,B+,B+,DSC 40B,Theor Fndtns of Data Sci II,A
117,Wang Yusu,DSC 40B - Theor Fndtns of Data Sci II (B),FA21,13,5,100.0,100.0,7.7,3.5,,https://cape.ucsd.edu/CAPEReport.aspx?sectionid=053291,1,B+,,DSC 40B,Theor Fndtns of Data Sci II,B
118,Eldridge Justin Matthew,DSC 80 - Practice of Data Science (A),FA21,94,45,97.7,100.0,11.73,3.64,3.39,https://cape.ucsd.edu/CAPEReport.aspx?sectionid=053293,1,B+,B+,DSC 80,Practice of Data Science,A
119,Langlois Marina,DSC 95 - Tutor Appshp in Data Science (A),FA21,22,18,94.4,100.0,1.61,4.0,,https://cape.ucsd.edu/CAPEReport.aspx?sectionid=053295,1,A,,DSC 95,Tutor Appshp in Data Science,A
120,Liao Soohyun Nam,DSC 96 - Workshop in Data Science (A),FA21,22,12,70.0,100.0,3.23,4.0,,https://cape.ucsd.edu/CAPEReport.aspx?sectionid=059668,1,A,,DSC 96,Workshop in Data Science,A
121,Fraenkel Aaron Mcmillan,DSC 30 - DataStrc/Algrthms for Data Sci (A),S221,39,6,16.7,66.7,18.83,3.67,2.79,https://cape.ucsd.edu/CAPEReport.aspx?sectionid=048428,1,B+,B-,DSC 30,DataStrc/Algrthms for Data Sci,A
122,Eldridge Justin Matthew,DSC 10 - Principles of Data Science (A),S121,86,20,90.0,94.7,11.9,3.85,3.57,https://cape.ucsd.edu/CAPEReport.aspx?sectionid=048425,1,A-,B+,DSC 10,Principles of Data Science,A
123,Aoi Mikio C,DSC 10 - Principles of Data Science (A),SP21,139,58,91.2,84.2,8.78,3.57,3.35,https://cape.ucsd.edu/CAPEReport.aspx?sectionid=042012,1,B+,B+,DSC 10,Principles of Data Science,A
124,Salimi Babak,DSC 100 - Intro to Data Management (A),SP21,14,11,90.9,90.9,5.41,3.86,,https://cape.ucsd.edu/CAPEReport.aspx?sectionid=046677,1,A-,,DSC 100,Intro to Data Management,A
125,Albuyeh Rod,DSC 102 - Systems for Scalable Analytics (A),SP21,132,47,78.7,67.4,5.54,3.78,3.98,https://cape.ucsd.edu/CAPEReport.aspx?sectionid=042029,1,A-,A-,DSC 102,Systems for Scalable Analytics,A
126,Nusrat Sabrina,DSC 106 - Intro to Data Visualization (A),SP21,41,12,83.3,75.0,4.0,3.92,3.94,https://cape.ucsd.edu/CAPEReport.aspx?sectionid=042031,1,A-,A-,DSC 106,Intro to Data Visualization,A
127,Belkin Mikhail,DSC 140A - Probabilistic Modeling and ML (A),SP21,104,33,34.4,21.9,6.81,3.2,3.66,https://cape.ucsd.edu/CAPEReport.aspx?sectionid=042033,1,B,B+,DSC 140A,Probabilistic Modeling and ML,A
128,Roberts Margaret Earling,DSC 161 - Text as Data (A),SP21,24,9,100.0,100.0,4.25,3.75,3.66,https://cape.ucsd.edu/CAPEReport.aspx?sectionid=042034,1,A-,B+,DSC 161,Text as Data,A
129,Fraenkel Aaron Mcmillan,DSC 167 - Fairness&AlgorithmicDecisions (A),SP21,46,16,87.5,100.0,6.0,3.64,3.41,https://cape.ucsd.edu/CAPEReport.aspx?sectionid=042036,1,B+,B+,DSC 167,Fairness&AlgorithmicDecisions,A
130,Eldridge Justin Matthew,DSC 190 - Topics in Data Science (A),SP21,71,29,100.0,100.0,4.36,3.78,3.7,https://cape.ucsd.edu/CAPEReport.aspx?sectionid=042038,1,A-,A-,DSC 190,Topics in Data Science,A
131,Langlois Marina,DSC 20 - Prgrmng/DataStruc for Data Sci (A),SP21,113,36,85.3,73.5,11.47,3.39,3.38,https://cape.ucsd.edu/CAPEReport.aspx?sectionid=042015,1,B+,B+,DSC 20,Prgrmng/DataStruc for Data Sci,A
132,Langlois Marina,DSC 30 - DataStrc/Algrthms for Data Sci (A),SP21,149,70,83.8,72.1,10.65,3.47,3.36,https://cape.ucsd.edu/CAPEReport.aspx?sectionid=042017,1,B+,B+,DSC 30,DataStrc/Algrthms for Data Sci,A
133,Tiefenbruck Janine LoBue,DSC 40A - Theor Fndtns of Data Sci I (A),SP21,48,21,76.2,75.0,11.26,3.08,3.47,https://cape.ucsd.edu/CAPEReport.aspx?sectionid=042019,1,B,B+,DSC 40A,Theor Fndtns of Data Sci I,A
134,Tiefenbruck Janine LoBue,DSC 40A - Theor Fndtns of Data Sci I (B),SP21,45,10,77.8,77.8,9.7,3.38,3.4,https://cape.ucsd.edu/CAPEReport.aspx?sectionid=042021,1,B+,B+,DSC 40A,Theor Fndtns of Data Sci I,B
135,Mazumdar Arya,DSC 40B - Theor Fndtns of Data Sci II (A),SP21,57,24,100.0,87.0,5.98,3.61,3.65,https://cape.ucsd.edu/CAPEReport.aspx?sectionid=045174A,1,B+,B+,DSC 40B,Theor Fndtns of Data Sci II,A
136,Wang Yusu,DSC 40B - Theor Fndtns of Data Sci II (A),SP21,57,24,100.0,87.0,5.98,3.61,3.65,https://cape.ucsd.edu/CAPEReport.aspx?sectionid=045174,1,B+,B+,DSC 40B,Theor Fndtns of Data Sci II,A
137,Eldridge Justin Matthew,DSC 80 - Practice of Data Science (A),SP21,183,65,98.4,100.0,12.11,3.56,3.67,https://cape.ucsd.edu/CAPEReport.aspx?sectionid=042024,1,B+,B+,DSC 80,Practice of Data Science,A
138,Nusrat Sabrina,DSC 90 - Seminar in Data Science (A),SP21,11,8,100.0,100.0,1.75,,,https://cape.ucsd.edu/CAPEReport.aspx?sectionid=042025,0,,,DSC 90,Seminar in Data Science,A
139,Langlois Marina,DSC 95 - Tutor Appshp in Data Science (A),SP21,7,5,100.0,100.0,1.7,,,https://cape.ucsd.edu/CAPEReport.aspx?sectionid=046697,0,,,DSC 95,Tutor Appshp in Data Science,A
140,Tiefenbruck Janine LoBue,DSC 10 - Principles of Data Science (A),WI21,78,35,85.7,85.7,7.76,3.59,3.28,https://cape.ucsd.edu/CAPEReport.aspx?sectionid=033821,1,B+,B,DSC 10,Principles of Data Science,A
141,Tiefenbruck Janine LoBue,DSC 10 - Principles of Data Science (B),WI21,86,39,94.6,89.2,6.61,3.48,3.55,https://cape.ucsd.edu/CAPEReport.aspx?sectionid=033823,1,B+,B+,DSC 10,Principles of Data Science,B
142,Salimi Babak,DSC 100 - Intro to Data Management (A),WI21,143,96,92.6,85.1,5.95,3.79,3.63,https://cape.ucsd.edu/CAPEReport.aspx?sectionid=032205,1,A-,B+,DSC 100,Intro to Data Management,A
143,Kumar Arun Kumar,DSC 102 - Systems for Scalable Analytics (A),WI21,134,80,88.6,91.0,8.83,3.58,3.55,https://cape.ucsd.edu/CAPEReport.aspx?sectionid=032207,1,B+,B+,DSC 102,Systems for Scalable Analytics,A
144,Nusrat Sabrina,DSC 106 - Intro to Data Visualization (A),WI21,43,16,87.5,81.3,3.88,3.69,3.96,https://cape.ucsd.edu/CAPEReport.aspx?sectionid=032209,1,B+,A-,DSC 106,Intro to Data Visualization,A
145,Cloninger Alexander,DSC 120 - Signal Processing/Data Analys (A),WI21,21,7,71.4,85.7,9.36,3.2,3.62,https://cape.ucsd.edu/CAPEReport.aspx?sectionid=035248,1,B,B+,DSC 120,Signal Processing/Data Analys,A
146,Belkin Mikhail,DSC 140A - Probabilistic Modeling and ML (A),WI21,149,48,21.3,21.3,7.1,3.3,3.52,https://cape.ucsd.edu/CAPEReport.aspx?sectionid=033827,1,B,B+,DSC 140A,Probabilistic Modeling and ML,A
147,Fraenkel Aaron Mcmillan,DSC 180B - Data Science Project II (A),WI21,78,26,100.0,100.0,11.38,3.88,3.93,https://cape.ucsd.edu/CAPEReport.aspx?sectionid=032212,1,A-,A-,DSC 180B,Data Science Project II,A
148,Fraenkel Aaron Mcmillan,DSC 180B - Data Science Project II (B),WI21,120,28,96.2,96.2,7.91,3.7,3.95,https://cape.ucsd.edu/CAPEReport.aspx?sectionid=033829,1,A-,A-,DSC 180B,Data Science Project II,B
149,Fraenkel Aaron Mcmillan,DSC 180B - Data Science Project II (C),WI21,17,6,75.0,75.0,16.5,3.6,,https://cape.ucsd.edu/CAPEReport.aspx?sectionid=044326,1,B+,,DSC 180B,Data Science Project II,C
150,Shang Jingbo,DSC 190 - Topics in Data Science (A),WI21,28,13,83.3,83.3,6.04,3.75,3.84,https://cape.ucsd.edu/CAPEReport.aspx?sectionid=032230,1,A-,A-,DSC 190,Topics in Data Science,A
151,Eldridge Justin Matthew,DSC 190 - Topics in Data Science (B),WI21,28,15,100.0,100.0,5.36,3.79,3.82,https://cape.ucsd.edu/CAPEReport.aspx?sectionid=032232,1,A-,A-,DSC 190,Topics in Data Science,B
152,Mazumdar Arya,DSC 190 - Topics in Data Science (C),WI21,5,5,100.0,100.0,5.3,3.8,,https://cape.ucsd.edu/CAPEReport.aspx?sectionid=043442,1,A-,,DSC 190,Topics in Data Science,C
153,Langlois Marina,DSC 20 - Prgrmng/DataStruc for Data Sci (A),WI21,169,88,90.6,85.4,9.9,3.46,3.55,https://cape.ucsd.edu/CAPEReport.aspx?sectionid=032193,1,B+,B+,DSC 20,Prgrmng/DataStruc for Data Sci,A
154,Langlois Marina,DSC 30 - DataStrc/Algrthms for Data Sci (A),WI21,136,51,90.0,92.0,11.97,3.64,3.36,https://cape.ucsd.edu/CAPEReport.aspx?sectionid=032195,1,B+,B+,DSC 30,DataStrc/Algrthms for Data Sci,A
155,Mishne Gal,DSC 40A - Theor Fndtns of Data Sci I (A),WI21,44,34,88.2,79.4,10.15,3.24,3.06,https://cape.ucsd.edu/CAPEReport.aspx?sectionid=033825,1,B,B,DSC 40A,Theor Fndtns of Data Sci I,A
156,Eldridge Justin Matthew,DSC 40B - Theor Fndtns of Data Sci II (A),WI21,80,62,96.8,98.4,6.34,3.67,3.73,https://cape.ucsd.edu/CAPEReport.aspx?sectionid=032198,1,B+,A-,DSC 40B,Theor Fndtns of Data Sci II,A
157,Wang Yusu,DSC 40B - Theor Fndtns of Data Sci II (B),WI21,40,27,100.0,100.0,5.5,3.92,3.69,https://cape.ucsd.edu/CAPEReport.aspx?sectionid=032200,1,A-,B+,DSC 40B,Theor Fndtns of Data Sci II,B
158,Nusrat Sabrina,DSC 90 - Seminar in Data Science (A),WI21,10,3,0.0,0.0,1.5,,,https://cape.ucsd.edu/CAPEReport.aspx?sectionid=032201,0,,,DSC 90,Seminar in Data Science,A
159,Langlois Marina,DSC 95 - Tutor Appshp in Data Science (A),WI21,13,11,100.0,100.0,1.95,,,https://cape.ucsd.edu/CAPEReport.aspx?sectionid=032203,0,,,DSC 95,Tutor Appshp in Data Science,A
160,Quer Giorgio,DSC 96 - Workshop in Data Science (A),WI21,17,14,85.7,100.0,2.93,,,https://cape.ucsd.edu/CAPEReport.aspx?sectionid=033826,0,,,DSC 96,Workshop in Data Science,A
161,Eldridge Justin Matthew,DSC 10 - Principles of Data Science (A),FA20,171,116,99.1,100.0,5.9,3.68,3.17,https://cape.ucsd.edu/CAPEReport.aspx?sectionid=018465,1,B+,B,DSC 10,Principles of Data Science,A
162,Nguyen Mai Huong Thi,DSC 102 - Systems for Scalable Analytics (B),FA20,81,24,52.4,61.9,14.12,3.0,3.14,https://cape.ucsd.edu/CAPEReport.aspx?sectionid=018489,1,B,B,DSC 102,Systems for Scalable Analytics,B
163,Gupta Amarnath,DSC 104 - Beyond Relational Data Mgmt (A),FA20,23,6,83.3,83.3,8.17,3.8,3.92,https://cape.ucsd.edu/CAPEReport.aspx?sectionid=023016,1,A-,A-,DSC 104,Beyond Relational Data Mgmt,A
164,Powell Thomas Allan,DSC 106 - Intro to Data Visualization (A),FA20,115,49,67.3,65.3,10.58,3.51,3.27,https://cape.ucsd.edu/CAPEReport.aspx?sectionid=018491,1,B+,B,DSC 106,Intro to Data Visualization,A
165,Zaslavsky Ilya,DSC 170 - Spatial Data Science and Appl (A),FA20,37,5,100.0,100.0,7.3,3.6,3.8,https://cape.ucsd.edu/CAPEReport.aspx?sectionid=034303,1,B+,A-,DSC 170,Spatial Data Science and Appl,A
166,Fraenkel Aaron Mcmillan,DSC 180A - Data Science Project I (A),FA20,96,24,91.3,91.3,10.14,3.5,3.72,https://cape.ucsd.edu/CAPEReport.aspx?sectionid=018493,1,B+,A-,DSC 180A,Data Science Project I,A
167,Fraenkel Aaron Mcmillan,DSC 180A - Data Science Project I (B),FA20,121,30,75.9,89.7,10.71,3.59,3.65,https://cape.ucsd.edu/CAPEReport.aspx?sectionid=018501,1,B+,B+,DSC 180A,Data Science Project I,B
168,Silberman Jack,DSC 190 - Topics in Data Science (A),FA20,16,6,100.0,100.0,12.1,3.2,,https://cape.ucsd.edu/CAPEReport.aspx?sectionid=023491,1,B,,DSC 190,Topics in Data Science,A
169,Kolovos Alexandros,DSC 190 - Topics in Data Science (B),FA20,25,9,100.0,100.0,3.39,4.0,3.98,https://cape.ucsd.edu/CAPEReport.aspx?sectionid=018511A,1,A,A-,DSC 190,Topics in Data Science,B
170,Miller Timothy E,DSC 190 - Topics in Data Science (B),FA20,25,9,100.0,100.0,3.39,4.0,3.98,https://cape.ucsd.edu/CAPEReport.aspx?sectionid=018511,1,A,A-,DSC 190,Topics in Data Science,B
171,Langlois Marina,DSC 20 - Prgrmng/DataStruc for Data Sci (A),FA20,153,57,94.5,92.6,11.46,3.68,3.14,https://cape.ucsd.edu/CAPEReport.aspx?sectionid=018468,1,B+,B,DSC 20,Prgrmng/DataStruc for Data Sci,A
172,Tiefenbruck Janine LoBue,DSC 40A - Theor Fndtns of Data Sci I (A),FA20,46,22,81.0,81.0,11.64,3.52,3.16,https://cape.ucsd.edu/CAPEReport.aspx?sectionid=018472,1,B+,B,DSC 40A,Theor Fndtns of Data Sci I,A
173,Tiefenbruck Janine LoBue,DSC 40A - Theor Fndtns of Data Sci I (B),FA20,49,18,76.5,76.5,11.21,3.29,3.26,https://cape.ucsd.edu/CAPEReport.aspx?sectionid=018474,1,B,B,DSC 40A,Theor Fndtns of Data Sci I,B
174,Ma Yian,DSC 40A - Theor Fndtns of Data Sci I (C),FA20,42,14,83.3,66.7,11.33,3.1,3.04,https://cape.ucsd.edu/CAPEReport.aspx?sectionid=026122,1,B,B,DSC 40A,Theor Fndtns of Data Sci I,C
175,Eldridge Justin Matthew,DSC 40B - Theor Fndtns of Data Sci II (A),FA20,77,27,96.0,100.0,5.86,3.75,3.46,https://cape.ucsd.edu/CAPEReport.aspx?sectionid=018477,1,A-,B+,DSC 40B,Theor Fndtns of Data Sci II,A
176,Langlois Marina,DSC 80 - Practice of Data Science (A),FA20,61,19,84.2,89.5,13.66,3.58,3.16,https://cape.ucsd.edu/CAPEReport.aspx?sectionid=018479,1,B+,B,DSC 80,Practice of Data Science,A
177,Langlois Marina,DSC 95 - Tutor Appshp in Data Science (A),FA20,9,7,100.0,100.0,1.5,,,https://cape.ucsd.edu/CAPEReport.aspx?sectionid=018481,0,,,DSC 95,Tutor Appshp in Data Science,A
178,Jemmott Colin William,DSC 96 - Workshop in Data Science (A),FA20,48,38,92.1,97.4,1.34,4.0,,https://cape.ucsd.edu/CAPEReport.aspx?sectionid=018482,1,A,,DSC 96,Workshop in Data Science,A
179,Eldridge Justin Matthew,DSC 10 - Principles of Data Science (A),S320,37,7,100.0,100.0,7.07,4.0,3.44,https://cape.ucsd.edu/CAPEReport.aspx?sectionid=013805,1,A,B+,DSC 10,Principles of Data Science,A
180,Jemmott Colin William,DSC 10 - Principles of Data Science (A),SP20,137,56,94.6,100.0,7.11,3.76,3.74,https://cape.ucsd.edu/CAPEReport.aspx?sectionid=006938,1,A-,A-,DSC 10,Principles of Data Science,A
181,Gupta Amarnath,DSC 100 - Intro to Data Management (A),SP20,90,35,45.7,31.4,7.64,3.14,3.92,https://cape.ucsd.edu/CAPEReport.aspx?sectionid=006955,1,B,A-,DSC 100,Intro to Data Management,A
182,Powell Thomas Allan,DSC 106 - Intro to Data Visualization (A),SP20,106,34,60.6,57.6,11.0,3.52,3.72,https://cape.ucsd.edu/CAPEReport.aspx?sectionid=006961,1,B+,A-,DSC 106,Intro to Data Visualization,A
183,Cloninger Alexander,DSC 120 - Signal Processing/Data Analys (A),SP20,68,19,78.9,89.5,9.39,3.7,3.63,https://cape.ucsd.edu/CAPEReport.aspx?sectionid=006963,1,A-,B+,DSC 120,Signal Processing/Data Analys,A
184,Mishne Gal,DSC 120 - Signal Processing/Data Analys (A),SP20,68,19,78.9,52.6,9.39,3.7,3.63,https://cape.ucsd.edu/CAPEReport.aspx?sectionid=006963A,1,A-,B+,DSC 120,Signal Processing/Data Analys,A
185,Twomey Robert Daniel,DSC 160 - Data Science and the Arts (A),SP20,89,23,100.0,100.0,5.59,4.0,3.83,https://cape.ucsd.edu/CAPEReport.aspx?sectionid=006965,1,A,A-,DSC 160,Data Science and the Arts,A
186,Fraenkel Aaron Mcmillan,DSC 180B - Data Science Project II (A),SP20,34,5,80.0,100.0,10.1,4.0,3.86,https://cape.ucsd.edu/CAPEReport.aspx?sectionid=006967,1,A,A-,DSC 180B,Data Science Project II,A
187,Fraenkel Aaron Mcmillan,DSC 180B - Data Science Project II (B),SP20,42,8,100.0,100.0,7.17,3.0,3.83,https://cape.ucsd.edu/CAPEReport.aspx?sectionid=006972,1,B,A-,DSC 180B,Data Science Project II,B
188,Shang Jingbo,DSC 190 - Topics in Data Science (A),SP20,123,42,92.1,92.1,7.08,3.79,3.9,https://cape.ucsd.edu/CAPEReport.aspx?sectionid=006976,1,A-,A-,DSC 190,Topics in Data Science,A
189,Lerner Ian Amihay,DSC 190 - Topics in Data Science (B),SP20,35,7,85.7,100.0,5.64,3.67,3.95,https://cape.ucsd.edu/CAPEReport.aspx?sectionid=006978,1,B+,A-,DSC 190,Topics in Data Science,B
190,Langlois Marina,DSC 30 - DataStrc/Algrthms for Data Sci (A),SP20,141,50,90.0,94.0,12.1,3.57,3.58,https://cape.ucsd.edu/CAPEReport.aspx?sectionid=006943,1,B+,B+,DSC 30,DataStrc/Algrthms for Data Sci,A
191,Tiefenbruck Janine LoBue,DSC 40A - Theor Fndtns of Data Sci I (A),SP20,60,15,80.0,100.0,6.1,3.3,3.27,https://cape.ucsd.edu/CAPEReport.aspx?sectionid=006945,1,B+,B,DSC 40A,Theor Fndtns of Data Sci I,A
192,Tiefenbruck Janine LoBue,DSC 40A - Theor Fndtns of Data Sci I (B),SP20,43,24,91.7,87.5,8.08,3.41,3.5,https://cape.ucsd.edu/CAPEReport.aspx?sectionid=006947,1,B+,B+,DSC 40A,Theor Fndtns of Data Sci I,B
193,Eldridge Justin Matthew,DSC 40B - Theor Fndtns of Data Sci II (A),SP20,98,39,94.6,100.0,6.24,3.8,3.68,https://cape.ucsd.edu/CAPEReport.aspx?sectionid=006949,1,A-,B+,DSC 40B,Theor Fndtns of Data Sci II,A
194,Langlois Marina,DSC 80 - Practice of Data Science (A),SP20,117,45,90.5,78.6,14.31,3.4,3.39,https://cape.ucsd.edu/CAPEReport.aspx?sectionid=006951,1,B+,B+,DSC 80,Practice of Data Science,A
195,Langlois Marina,DSC 95 - Tutor Appshp in Data Science (A),SP20,13,3,100.0,100.0,3.17,4.0,,https://cape.ucsd.edu/CAPEReport.aspx?sectionid=006953,1,A,,DSC 95,Tutor Appshp in Data Science,A
196,Blume Matthias A.,DSC 96 - Workshop in Data Science (A),SP20,7,5,100.0,100.0,2.5,,,https://cape.ucsd.edu/CAPEReport.aspx?sectionid=010217,0,,,DSC 96,Workshop in Data Science,A
197,Eldridge Justin Matthew,DSC 10 - Principles of Data Science (A),WI20,132,58,98.2,100.0,7.46,3.56,3.32,https://cape.ucsd.edu/CAPEReport.aspx?sectionid=997019,1,B+,B+,DSC 10,Principles of Data Science,A
198,Gupta Amarnath,DSC 100 - Intro to Data Management (A),WI20,127,54,35.8,40.4,6.69,3.21,3.59,https://cape.ucsd.edu/CAPEReport.aspx?sectionid=991935,1,B,B+,DSC 100,Intro to Data Management,A
199,Kumar Arun Kumar,DSC 102 - Systems for Scalable Analytics (A),WI20,140,116,84.5,83.6,8.09,3.31,3.64,https://cape.ucsd.edu/CAPEReport.aspx?sectionid=997021,1,B+,B+,DSC 102,Systems for Scalable Analytics,A
200,Powell Thomas Allan,DSC 106 - Intro to Data Visualization (A),WI20,92,32,48.4,48.4,12.44,3.42,3.04,https://cape.ucsd.edu/CAPEReport.aspx?sectionid=991939,1,B+,B,DSC 106,Intro to Data Visualization,A
201,Kemp Todd Aahron,DSC 155 - Hidden Data in Random Matrices (A),WI20,9,7,100.0,100.0,8.79,3.14,,https://cape.ucsd.edu/CAPEReport.aspx?sectionid=007724,1,B,,DSC 155,Hidden Data in Random Matrices,A
202,Zaslavsky Ilya,DSC 170 - Spatial Data Science and Appl (A),WI20,32,14,92.9,100.0,11.93,3.07,3.72,https://cape.ucsd.edu/CAPEReport.aspx?sectionid=991941,1,B,A-,DSC 170,Spatial Data Science and Appl,A
203,Fraenkel Aaron Mcmillan,DSC 180A - Data Science Project I (A),WI20,34,12,80.0,100.0,9.3,3.6,3.57,https://cape.ucsd.edu/CAPEReport.aspx?sectionid=997023,1,B+,B+,DSC 180A,Data Science Project I,A
204,Fraenkel Aaron Mcmillan,DSC 180A - Data Science Project I (B),WI20,45,16,92.9,100.0,7.64,3.43,3.37,https://cape.ucsd.edu/CAPEReport.aspx?sectionid=997027,1,B+,B+,DSC 180A,Data Science Project I,B
205,Twomey Robert Daniel,DSC 20 - Prgrmng/DataStruc for Data Sci (A),WI20,136,63,71.4,56.4,11.59,3.07,3.19,https://cape.ucsd.edu/CAPEReport.aspx?sectionid=991917,1,B,B,DSC 20,Prgrmng/DataStruc for Data Sci,A
206,Langlois Marina,DSC 30 - DataStrc/Algrthms for Data Sci (A),WI20,98,30,85.2,88.5,11.69,3.0,2.67,https://cape.ucsd.edu/CAPEReport.aspx?sectionid=991921,1,B,C+,DSC 30,DataStrc/Algrthms for Data Sci,A
207,Eldridge Justin Matthew,DSC 40A - Theor Fndtns of Data Sci I (A),WI20,99,40,89.5,100.0,5.58,3.29,3.53,https://cape.ucsd.edu/CAPEReport.aspx?sectionid=991923,1,B,B+,DSC 40A,Theor Fndtns of Data Sci I,A
208,Tiefenbruck Janine LoBue,DSC 40B - Theor Fndtns of Data Sci II (A),WI20,57,18,100.0,100.0,6.06,3.61,2.94,https://cape.ucsd.edu/CAPEReport.aspx?sectionid=991925,1,B+,B-,DSC 40B,Theor Fndtns of Data Sci II,A
209,Tiefenbruck Janine LoBue,DSC 40B - Theor Fndtns of Data Sci II (B),WI20,37,12,80.0,90.0,5.1,3.25,3.01,https://cape.ucsd.edu/CAPEReport.aspx?sectionid=991927,1,B,B,DSC 40B,Theor Fndtns of Data Sci II,B
210,Langlois Marina,DSC 80 - Practice of Data Science (A),WI20,96,29,88.5,80.8,13.58,3.27,2.9,https://cape.ucsd.edu/CAPEReport.aspx?sectionid=991929,1,B,B-,DSC 80,Practice of Data Science,A
211,Jemmott Colin William,DSC 90 - Seminar in Data Science (A),WI20,11,4,100.0,100.0,1.0,4.0,,https://cape.ucsd.edu/CAPEReport.aspx?sectionid=998491,1,A,,DSC 90,Seminar in Data Science,A
212,Eldridge Justin Matthew,DSC 95 - Tutor Appshp in Data Science (A),WI20,9,7,100.0,100.0,1.07,,,https://cape.ucsd.edu/CAPEReport.aspx?sectionid=991931,0,,,DSC 95,Tutor Appshp in Data Science,A
213,Quer Giorgio,DSC 96 - Workshop in Data Science (A),WI20,19,12,100.0,100.0,1.83,3.33,,https://cape.ucsd.edu/CAPEReport.aspx?sectionid=991932,1,B+,,DSC 96,Workshop in Data Science,A
214,Quer Giorgio,DSC 96 - Workshop in Data Science (B),WI20,18,13,100.0,100.0,1.73,4.0,,https://cape.ucsd.edu/CAPEReport.aspx?sectionid=991933,1,A,,DSC 96,Workshop in Data Science,B
215,Tiefenbruck Janine LoBue,DSC 10 - Principles of Data Science (A),FA19,120,72,89.7,82.4,7.31,3.33,2.94,https://cape.ucsd.edu/CAPEReport.aspx?sectionid=984134,1,B+,B-,DSC 10,Principles of Data Science,A
216,Tiefenbruck Janine LoBue,DSC 10 - Principles of Data Science (B),FA19,113,65,95.0,88.1,7.85,3.37,2.91,https://cape.ucsd.edu/CAPEReport.aspx?sectionid=984137,1,B+,B-,DSC 10,Principles of Data Science,B
217,Rajasekar Arcot Kuppuswam,DSC 100 - Intro to Data Management (A),FA19,144,39,81.6,78.9,6.08,3.44,3.71,https://cape.ucsd.edu/CAPEReport.aspx?sectionid=984154,1,B+,A-,DSC 100,Intro to Data Management,A
218,Powell Thomas Allan,DSC 106 - Intro to Data Visualization (A),FA19,118,40,52.5,52.5,10.9,3.21,3.14,https://cape.ucsd.edu/CAPEReport.aspx?sectionid=985524,1,B,B,DSC 106,Intro to Data Visualization,A
219,Langlois Marina,DSC 20 - Prgrmng/DataStruc for Data Sci (A),FA19,111,56,86.8,78.4,11.5,3.17,2.98,https://cape.ucsd.edu/CAPEReport.aspx?sectionid=984140,1,B,B-,DSC 20,Prgrmng/DataStruc for Data Sci,A
220,Langlois Marina,DSC 30 - DataStrc/Algrthms for Data Sci (A),FA19,130,57,84.6,82.4,14.19,2.92,2.69,https://cape.ucsd.edu/CAPEReport.aspx?sectionid=984142,1,B-,C+,DSC 30,DataStrc/Algrthms for Data Sci,A
221,Eldridge Justin Matthew,DSC 40A - Theor Fndtns of Data Sci I (A),FA19,114,53,84.0,92.0,7.66,3.06,2.8,https://cape.ucsd.edu/CAPEReport.aspx?sectionid=984144,1,B,B-,DSC 40A,Theor Fndtns of Data Sci I,A
222,Eldridge Justin Matthew,DSC 40B - Theor Fndtns of Data Sci II (A),FA19,52,17,100.0,100.0,8.26,3.44,2.83,https://cape.ucsd.edu/CAPEReport.aspx?sectionid=984146,1,B+,B-,DSC 40B,Theor Fndtns of Data Sci II,A
223,Fraenkel Aaron Mcmillan,DSC 80 - Practice of Data Science (A),FA19,127,39,94.3,100.0,13.64,3.4,3.01,https://cape.ucsd.edu/CAPEReport.aspx?sectionid=984148,1,B+,B,DSC 80,Practice of Data Science,A
224,Langlois Marina,DSC 95 - Tutor Appshp in Data Science (A),FA19,22,16,100.0,100.0,1.0,4.0,,https://cape.ucsd.edu/CAPEReport.aspx?sectionid=984150,1,A,,DSC 95,Tutor Appshp in Data Science,A
225,Jemmott Colin William,DSC 96 - Workshop in Data Science (A),FA19,14,9,100.0,100.0,0.72,4.0,,https://cape.ucsd.edu/CAPEReport.aspx?sectionid=984151,1,A,,DSC 96,Workshop in Data Science,A
226,Jemmott Colin William,DSC 96 - Workshop in Data Science (B),FA19,12,6,83.3,100.0,1.17,4.0,,https://cape.ucsd.edu/CAPEReport.aspx?sectionid=984152,1,A,,DSC 96,Workshop in Data Science,B
227,Twomey Robert Daniel,DSC 10 - Principles of Data Science (A),S219,51,10,88.9,100.0,10.94,3.7,2.86,https://cape.ucsd.edu/CAPEReport.aspx?sectionid=975149,1,A-,B-,DSC 10,Principles of Data Science,A
228,Eldridge Justin Matthew,DSC 40B - Theor Fndtns of Data Sci II (A),S119,33,10,100.0,100.0,6.9,3.3,3.09,https://cape.ucsd.edu/CAPEReport.aspx?sectionid=975147,1,B+,B,DSC 40B,Theor Fndtns of Data Sci II,A
229,Tiefenbruck Janine LoBue,DSC 10 - Principles of Data Science (A),SP19,103,46,88.6,79.5,7.68,3.5,2.96,https://cape.ucsd.edu/CAPEReport.aspx?sectionid=972049,1,B+,B-,DSC 10,Principles of Data Science,A
230,Tiefenbruck Janine LoBue,DSC 10 - Principles of Data Science (B),SP19,79,37,96.9,93.8,8.25,3.53,2.96,https://cape.ucsd.edu/CAPEReport.aspx?sectionid=972052,1,B+,B-,DSC 10,Principles of Data Science,B
231,Zaslavsky Ilya,DSC 170 - Spatial Data Science and Appl (A),SP19,51,14,100.0,100.0,11.17,3.56,3.66,https://cape.ucsd.edu/CAPEReport.aspx?sectionid=974345,1,B+,B+,DSC 170,Spatial Data Science and Appl,A
232,Twomey Robert Daniel,DSC 20 - Prgrmng/DataStruc for Data Sci (A),SP19,152,59,88.9,85.2,9.02,3.2,2.8,https://cape.ucsd.edu/CAPEReport.aspx?sectionid=972055,1,B,B-,DSC 20,Prgrmng/DataStruc for Data Sci,A
233,Langlois Marina,DSC 30 - DataStrc/Algrthms for Data Sci (A),SP19,224,86,72.2,78.7,15.01,3.16,2.66,https://cape.ucsd.edu/CAPEReport.aspx?sectionid=972057,1,B,C+,DSC 30,DataStrc/Algrthms for Data Sci,A
234,Quer Giorgio,DSC 40A - Theor Fndtns of Data Sci I (A),SP19,73,37,85.3,84.8,8.85,3.24,2.89,https://cape.ucsd.edu/CAPEReport.aspx?sectionid=972061,1,B,B-,DSC 40A,Theor Fndtns of Data Sci I,A
235,Eldridge Justin Matthew,DSC 40B - Theor Fndtns of Data Sci II (A),SP19,86,26,88.5,92.3,6.27,3.04,3.26,https://cape.ucsd.edu/CAPEReport.aspx?sectionid=972063,1,B,B,DSC 40B,Theor Fndtns of Data Sci II,A
236,Eldridge Justin Matthew,DSC 40B - Theor Fndtns of Data Sci II (B),SP19,23,7,83.3,100.0,6.17,3.33,3.26,https://cape.ucsd.edu/CAPEReport.aspx?sectionid=972065,1,B+,B,DSC 40B,Theor Fndtns of Data Sci II,B
237,Fraenkel Aaron Mcmillan,DSC 80 - Practice of Data Science (A),SP19,37,10,70.0,100.0,15.5,3.4,3.08,https://cape.ucsd.edu/CAPEReport.aspx?sectionid=972067,1,B+,B,DSC 80,Practice of Data Science,A
238,Langlois Marina,DSC 80 - Practice of Data Science (B),SP19,49,17,70.6,88.2,14.38,2.71,2.74,https://cape.ucsd.edu/CAPEReport.aspx?sectionid=972069,1,B-,B-,DSC 80,Practice of Data Science,B
239,Jemmott Colin William,DSC 96 - Workshop in Data Science (A),SP19,25,13,100.0,100.0,0.65,3.0,,https://cape.ucsd.edu/CAPEReport.aspx?sectionid=972070,1,B,,DSC 96,Workshop in Data Science,A
240,Jemmott Colin William,DSC 10 - Principles of Data Science (A),WI19,164,77,97.0,95.5,6.98,3.66,3.27,https://cape.ucsd.edu/CAPEReport.aspx?sectionid=958470,1,B+,B,DSC 10,Principles of Data Science,A
241,Langlois Marina,DSC 20 - Prgrmng/DataStruc for Data Sci (A),WI19,181,81,94.8,87.0,9.23,3.34,2.95,https://cape.ucsd.edu/CAPEReport.aspx?sectionid=958472,1,B+,B-,DSC 20,Prgrmng/DataStruc for Data Sci,A
242,Tiefenbruck Janine LoBue,DSC 40A - Theor Fndtns of Data Sci I (A),WI19,64,28,92.0,96.0,8.17,3.09,2.81,https://cape.ucsd.edu/CAPEReport.aspx?sectionid=958474,1,B,B-,DSC 40A,Theor Fndtns of Data Sci I,A
243,Tiefenbruck Janine LoBue,DSC 40A - Theor Fndtns of Data Sci I (B),WI19,49,28,89.3,96.4,7.5,3.36,2.81,https://cape.ucsd.edu/CAPEReport.aspx?sectionid=958476,1,B+,B-,DSC 40A,Theor Fndtns of Data Sci I,B
244,Eldridge Justin Matthew,DSC 40B - Theor Fndtns of Data Sci II (A),WI19,82,31,64.0,84.0,7.46,2.96,3.12,https://cape.ucsd.edu/CAPEReport.aspx?sectionid=958478,1,B-,B,DSC 40B,Theor Fndtns of Data Sci II,A
245,Langlois Marina,DSC 80 - Practice of Data Science (A),WI19,24,6,83.3,83.3,13.83,2.67,2.98,https://cape.ucsd.edu/CAPEReport.aspx?sectionid=958480,1,C+,B-,DSC 80,Practice of Data Science,A
246,Fraenkel Aaron Mcmillan,DSC 80 - Practice of Data Science (B),WI19,82,31,96.8,96.8,13.79,3.48,2.99,https://cape.ucsd.edu/CAPEReport.aspx?sectionid=958482,1,B+,B-,DSC 80,Practice of Data Science,B
247,Fraenkel Aaron Mcmillan,DSC 95 - Tutor Appshp in Data Science (A),WI19,17,6,100.0,100.0,1.3,,,https://cape.ucsd.edu/CAPEReport.aspx?sectionid=964602,0,,,DSC 95,Tutor Appshp in Data Science,A
248,Quer Giorgio,DSC 96 - Workshop in Data Science (A),WI19,13,7,80.0,80.0,2.1,4.0,,https://cape.ucsd.edu/CAPEReport.aspx?sectionid=965548,1,A,,DSC 96,Workshop in Data Science,A
249,Quer Giorgio,DSC 96 - Workshop in Data Science (C),WI19,7,5,100.0,100.0,2.9,4.0,,https://cape.ucsd.edu/CAPEReport.aspx?sectionid=971639,1,A,,DSC 96,Workshop in Data Science,C
250,Eldridge Justin Matthew,DSC 10 - Principles of Data Science (A),FA18,140,61,98.3,98.3,7.75,3.48,2.94,https://cape.ucsd.edu/CAPEReport.aspx?sectionid=951005,1,B+,B-,DSC 10,Principles of Data Science,A
251,Fraenkel Aaron Mcmillan,DSC 10 - Principles of Data Science (B),FA18,143,54,96.0,97.9,7.34,3.4,2.91,https://cape.ucsd.edu/CAPEReport.aspx?sectionid=951245,1,B+,B-,DSC 10,Principles of Data Science,B
252,Langlois Marina,DSC 20 - Intro to Data Structures (A),FA18,78,22,95.5,77.3,11.23,3.41,2.83,https://cape.ucsd.edu/CAPEReport.aspx?sectionid=951008,1,B+,B-,DSC 20,Intro to Data Structures,A
253,Langlois Marina,DSC 30 - Representations of Data (A),FA18,73,39,86.8,89.2,14.29,3.11,2.69,https://cape.ucsd.edu/CAPEReport.aspx?sectionid=951010,1,B,C+,DSC 30,Representations of Data,A
254,Langlois Marina,DSC 30 - Representations of Data (B),FA18,15,3,66.7,66.7,14.5,3.0,,https://cape.ucsd.edu/CAPEReport.aspx?sectionid=951012,1,B,,DSC 30,Representations of Data,B
255,Tiefenbruck Janine LoBue,DSC 40A - Theor Fndtns of Data Sci I (A),FA18,64,36,91.2,100.0,7.53,3.29,2.91,https://cape.ucsd.edu/CAPEReport.aspx?sectionid=951248,1,B,B-,DSC 40A,Theor Fndtns of Data Sci I,A
256,Tiefenbruck Janine LoBue,DSC 40A - Theor Fndtns of Data Sci I (C),FA18,30,14,100.0,100.0,8.79,3.29,2.91,https://cape.ucsd.edu/CAPEReport.aspx?sectionid=952298,1,B,B-,DSC 40A,Theor Fndtns of Data Sci I,C
257,Eldridge Justin Matthew,DSC 40B - Theor Fndtns of Data Sci II (A),FA18,24,15,93.3,100.0,7.57,2.79,2.59,https://cape.ucsd.edu/CAPEReport.aspx?sectionid=951252,1,B-,C+,DSC 40B,Theor Fndtns of Data Sci II,A
258,Tiefenbruck Janine LoBue,DSC 10 - Principles of Data Science (A),SP18,117,45,93.2,90.9,6.87,3.62,2.9,https://cape.ucsd.edu/CAPEReport.aspx?sectionid=931670,1,B+,B-,DSC 10,Principles of Data Science,A
259,Langlois Marina,DSC 20 - Intro to Data Structures (A),SP18,55,22,85.0,90.0,9.45,3.62,2.81,https://cape.ucsd.edu/CAPEReport.aspx?sectionid=931672,1,B+,B-,DSC 20,Intro to Data Structures,A
260,Langlois Marina,DSC 20 - Intro to Data Structures (B),SP18,67,32,92.9,92.9,11.61,3.43,2.81,https://cape.ucsd.edu/CAPEReport.aspx?sectionid=931674,1,B+,B-,DSC 20,Intro to Data Structures,B
261,Langlois Marina,DSC 30 - Representations of Data (A),SP18,60,25,91.3,95.7,12.24,3.35,2.88,https://cape.ucsd.edu/CAPEReport.aspx?sectionid=940706,1,B+,B-,DSC 30,Representations of Data,A
262,Langlois Marina,DSC 10 - Introduction to Programming (C),WI18,53,25,95.7,95.7,6.24,3.59,3.18,https://cape.ucsd.edu/CAPEReport.aspx?sectionid=930499,1,B+,B,DSC 10,Introduction to Programming,C
263,Langlois Marina,DSC 10 - Introduction to Programming (D),WI18,112,49,95.7,93.6,7.27,3.59,3.18,https://cape.ucsd.edu/CAPEReport.aspx?sectionid=930501,1,B+,B,DSC 10,Introduction to Programming,D
264,Langlois Marina,DSC 20 - Intro to Data Structures (B),WI18,81,38,97.2,97.1,9.89,3.43,3.29,https://cape.ucsd.edu/CAPEReport.aspx?sectionid=930109,1,B+,B,DSC 20,Intro to Data Structures,B
265,Langlois Marina,DSC 10 - Introduction to Programming (A),FA17,37,19,94.7,100.0,8.18,3.29,2.87,https://cape.ucsd.edu/CAPEReport.aspx?sectionid=908210,1,B,B-,DSC 10,Introduction to Programming,A
266,Tiefenbruck Janine LoBue,DSC 10 - Introduction to Programming (B),FA17,37,17,93.8,100.0,6.63,3.44,3.06,https://cape.ucsd.edu/CAPEReport.aspx?sectionid=908212,1,B+,B,DSC 10,Introduction to Programming,B
267,Langlois Marina,DSC 10 - Introduction to Programming (C),FA17,39,15,100.0,100.0,8.5,3.29,2.87,https://cape.ucsd.edu/CAPEReport.aspx?sectionid=908214,1,B,B-,DSC 10,Introduction to Programming,C
